year,rank_display,university,score,link,country,city,region,logo
2017,421-430,University of Connecticut,,https://www.topuniversities.com/universities/university-connecticut,United States,Storrs,North America,https://www.topuniversities.com/sites/default/files/university-of-connecticut_140_small.jpg
2017,431-440,University of Pisa,,https://www.topuniversities.com/universities/university-pisa,Italy,Pisa,Europe,https://www.topuniversities.com/sites/default/files/university-of-pisa_499_small.jpg
2017,431-440,Pontificia Universidad Javeriana,,https://www.topuniversities.com/universities/pontificia-universidad-javeriana,Colombia,Bogotá,Latin America,https://www.topuniversities.com/sites/default/files/pontificia-universidad-javeriana_592560cf2aeae70239af514a_small.jpg
2017,431-440,Jagiellonian University,,https://www.topuniversities.com/universities/jagiellonian-university,Poland,Krakow,Europe,https://www.topuniversities.com/sites/default/files/jagiellonian-university_300_small.jpg
2017,431-440,Florida State University,,https://www.topuniversities.com/universities/florida-state-university,United States,Tallahassee,North America,https://www.topuniversities.com/sites/default/files/florida-state-university_211_small.jpg
2017,431-440,Taras Shevchenko National University of Kyiv,,https://www.topuniversities.com/universities/taras-shevchenko-national-university-kyiv,Ukraine,Kyiv,Europe,https://www.topuniversities.com/sites/default/files/taras-shevchenko-national-university-of-kyiv_14977_small.jpg
2017,431-440,The University of Georgia,,https://www.topuniversities.com/universities/university-georgia,United States,Athens,North America,https://www.topuniversities.com/sites/default/files/the-university-of-georgia_227_small.jpg
2017,431-440,Beihang University (former BUAA),,https://www.topuniversities.com/universities/beihang-university-former-buaa,China (Mainland),Beijing,Asia,https://www.topuniversities.com/sites/default/files/beihang-university-former-buaa_870_small.jpg
2017,431-440,HUFS - Hankuk (Korea) University of Foreign Studies ,,https://www.topuniversities.com/universities/hufs-hankuk-korea-university-foreign-studies,South Korea,Seoul,Asia,https://www.topuniversities.com/sites/default/files/hufs-hankuk-korea-university-of-foreign-studies_1054_small.jpg
2017,431-440,Sharif University of Technology,,https://www.topuniversities.com/universities/sharif-university-technology,"Iran, Islamic Republic of",Tehran,Asia,https://www.topuniversities.com/sites/default/files/sharif-university-of-technology_592560cf2aeae70239af4d42_small.jpg
2017,431-440,Singapore Management University,,https://www.topuniversities.com/universities/singapore-management-university,Singapore,,Asia,https://www.topuniversities.com/sites/default/files/singapore-management-university_1177_small.jpg
2017,431-440,Universitat Politècnica de València,,https://www.topuniversities.com/universities/universitat-politecnica-de-valencia,Spain,València,Europe,https://www.topuniversities.com/sites/default/files/universitat-politcnica-de-valncia_648_small.jpg
2017,441-450,Universität Bremen,,https://www.topuniversities.com/universities/universitat-bremen,Germany,Bremen,Europe,https://www.topuniversities.com/sites/default/files/universitt-bremen_67_small.jpg
2017,441-450,Huazhong University of Science and Technology,,https://www.topuniversities.com/universities/huazhong-university-science-technology,China (Mainland),Wuhan,Asia,https://www.topuniversities.com/sites/default/files/huazhong-university-of-science-and-technology_592560cf2aeae70239af5256_small.jpg
2017,441-450,University of Trento,,https://www.topuniversities.com/universities/university-trento,Italy,Trento,Europe,https://www.topuniversities.com/sites/default/files/university-of-trento_623_small.jpg
2017,441-450,American University of Sharjah,,https://www.topuniversities.com/universities/american-university-sharjah,United Arab Emirates,Sharjah,Asia,https://www.topuniversities.com/sites/default/files/american-university-of-sharjah_1201_small.jpg
2017,441-450,Auckland University of Technology (AUT),,https://www.topuniversities.com/universities/auckland-university-technology-aut,New Zealand,Auckland,Oceania,https://www.topuniversities.com/sites/default/files/auckland-university-of-technology-aut_592560cf2aeae70239af4ef7_small.jpg
2017,441-450,Chang Gung University,,https://www.topuniversities.com/universities/chang-gung-university,Taiwan,Taoyuan City,Asia,https://www.topuniversities.com/sites/default/files/chang-gung-university_1187_small.jpg
2017,441-450,Dongguk University ,,https://www.topuniversities.com/universities/dongguk-university,South Korea,Seoul,Asia,https://www.topuniversities.com/sites/default/files/dongguk-university_1048_small.jpg
2017,441-450,Sabanci University,,https://www.topuniversities.com/universities/sabanci-university,Turkey,Istanbul,Asia,https://www.topuniversities.com/sites/default/files/sabanci-university_542_small.jpg
2017,441-450,Swinburne University of Technology,,https://www.topuniversities.com/universities/swinburne-university-technology,Australia,Melbourne,Oceania,https://www.topuniversities.com/sites/default/files/swinburne-university-of-technology_759_small.jpg
2017,441-450,Universidad de Palermo (UP),,https://www.topuniversities.com/universities/universidad-de-palermo,Argentina,Buenos Aires,Latin America,https://www.topuniversities.com/sites/default/files/universidad-de-palermo-up_592560cf2aeae70239af54de_small.jpg
2017,441-450,University of Maryland|| Baltimore County,,https://www.topuniversities.com/universities/university-maryland-baltimore-county,United States,Baltimore,North America,https://www.topuniversities.com/sites/default/files/university-of-maryland-baltimore-county_592560cf2aeae70239af52af_small.jpg
2017,451-460,University of Florence,,https://www.topuniversities.com/universities/university-florence,Italy,Florence,Europe,https://www.topuniversities.com/sites/default/files/university-of-florence_208_small.jpg
2017,451-460,University of Coimbra,,https://www.topuniversities.com/universities/university-coimbra,Portugal,Coimbra,Europe,https://www.topuniversities.com/sites/default/files/university-of-coimbra_592560cf2aeae70239af4b07_small.jpg
2017,451-460,Shanghai University,,https://www.topuniversities.com/universities/shanghai-university,China (Mainland),Shanghai,Asia,https://www.topuniversities.com/sites/default/files/shanghai-university_557_small.jpg
2017,451-460,Pusan National University,,https://www.topuniversities.com/universities/pusan-national-university,South Korea,Busan,Asia,https://www.topuniversities.com/sites/default/files/pusan-national-university_511_small.jpg
2017,451-460,York University,,https://www.topuniversities.com/universities/york-university,Canada,Toronto,North America,https://www.topuniversities.com/sites/default/files/york-university_592560cf2aeae70239af4d39_small.jpg
2017,451-460,Ruhr-Universität Bochum,,https://www.topuniversities.com/universities/ruhr-universitat-bochum,Germany,Bochum,Europe,https://www.topuniversities.com/sites/default/files/ruhr-universitt-bochum_537_small.jpg
2017,451-460,Xiamen University,,https://www.topuniversities.com/universities/xiamen-university,China (Mainland),Xiamen,Asia,https://www.topuniversities.com/sites/default/files/xiamen-university_891_small.jpg
2017,451-460,Koç University,,https://www.topuniversities.com/universities/koc-university,Turkey,Istanbul,Asia,https://www.topuniversities.com/sites/default/files/ko-university_592560cf2aeae70239af4d7e_small.jpg
2017,451-460,Oregon State University,,https://www.topuniversities.com/universities/oregon-state-university,United States,Corvallis,North America,https://www.topuniversities.com/sites/default/files/oregon-state-university_592560cf2aeae70239af4dc3_small.jpg
2017,451-460,Sultan Qaboos University,,https://www.topuniversities.com/universities/sultan-qaboos-university,Oman,Muscat,Asia,https://www.topuniversities.com/sites/default/files/sultan-qaboos-university_2530_small.jpg
2017,461-470,Universidade Federal do Rio Grande Do Sul ,,https://www.topuniversities.com/universities/universidade-federal-do-rio-grande-do-sul,Brazil,Porto Alegre,Latin America,https://www.topuniversities.com/sites/default/files/universidade-federal-do-rio-grande-do-sul_2239_small.jpg
2017,461-470,Université Paul Sabatier Toulouse III,,https://www.topuniversities.com/universities/universite-paul-sabatier-toulouse-iii,France,Toulouse,Europe,https://www.topuniversities.com/sites/default/files/universit-paul-sabatier-toulouse-iii_622_small.jpg
2017,461-470,Karl-Franzens-Universitaet Graz,,https://www.topuniversities.com/universities/karl-franzens-universitaet-graz,Austria,Graz,Europe,https://www.topuniversities.com/sites/default/files/karl-franzens-universitaet-graz_236_small.jpg
2017,461-470,Arabian Gulf University,,https://www.topuniversities.com/universities/arabian-gulf-university,Bahrain,Manama,Asia,https://www.topuniversities.com/sites/default/files/arabian-gulf-university_2501_small.jpg
2017,461-470,Bond University,,https://www.topuniversities.com/universities/bond-university,Australia,Gold Coast,Oceania,https://www.topuniversities.com/sites/default/files/bond-university_715_small.jpg
2017,461-470,Concordia University,,https://www.topuniversities.com/universities/concordia-university,Canada,Montreal,North America,https://www.topuniversities.com/sites/default/files/concordia-university_592560cf2aeae70239af4b0e_small.jpg
2017,461-470,University of New Mexico,,https://www.topuniversities.com/universities/university-new-mexico,United States,Albuquerque,North America,https://www.topuniversities.com/sites/default/files/university-of-new-mexico_592560cf2aeae70239af4c41_small.jpg
2017,461-470,University of Oklahoma,,https://www.topuniversities.com/universities/university-oklahoma,United States,Norman,North America,https://www.topuniversities.com/sites/default/files/university-of-oklahoma_467_small.jpg
2017,461-470,The University of Tennessee|| Knoxville,,https://www.topuniversities.com/universities/university-tennessee-knoxville,United States,Knoxville,North America,https://www.topuniversities.com/sites/default/files/the-university-of-tennessee-knoxville_603_small.jpg
2017,461-470,Wayne State University,,https://www.topuniversities.com/universities/wayne-state-university,United States,Detroit,North America,https://www.topuniversities.com/sites/default/files/wayne-state-university_592560cf2aeae70239af51d1_small.jpg
2017,471-480,Universidad de Santiago de Chile (USACH),,https://www.topuniversities.com/universities/universidad-de-santiago-de-chile-usach,Chile,Santiago,Latin America,https://www.topuniversities.com/sites/default/files/universidad-de-santiago-de-chile-usach_548_small.jpg
2017,471-480,Universidad de Costa Rica,,https://www.topuniversities.com/universities/universidad-de-costa-rica,Costa Rica,San Jose,Latin America,https://www.topuniversities.com/sites/default/files/universidad-de-costa-rica_789_small.jpg
2017,471-480,Middle East Technical University,,https://www.topuniversities.com/universities/middle-east-technical-university,Turkey,Ankara,Asia,https://www.topuniversities.com/sites/default/files/middle-east-technical-university_2110_small.jpg
2017,471-480,Bogaziçi Üniversitesi,,https://www.topuniversities.com/universities/bogazici-universitesi,Turkey,Istanbul,Asia,https://www.topuniversities.com/sites/default/files/bogazii-niversitesi_1575_small.jpg
2017,471-480,Clark University,,https://www.topuniversities.com/universities/clark-university,United States,Worcester,North America,https://www.topuniversities.com/sites/default/files/clark-university_820_small.jpg
2017,471-480,Lappeenranta-Lahti University of Technology LUT,,https://www.topuniversities.com/universities/lappeenranta-lahti-university-technology-lut,Finland,Lappeenranta ,Europe,https://www.topuniversities.com/sites/default/files/lappeenranta-university-of-technology_592560cf2aeae70239af4f7d_small.jpg
2017,471-480,East China University of Science and Technology,,https://www.topuniversities.com/universities/east-china-university-science-technology,China (Mainland),Shanghai,Asia,https://www.topuniversities.com/sites/default/files/east-china-university-of-science-and-technology_876_small.jpg
2017,471-480,Technische Universität Braunschweig,,https://www.topuniversities.com/universities/technische-universitat-braunschweig,Germany,Braunschweig,Europe,https://www.topuniversities.com/sites/default/files/technische-universitt-braunschweig_596_small.jpg
2017,471-480,Tokyo Metropolitan University,,https://www.topuniversities.com/universities/tokyo-metropolitan-university,Japan,Tokyo,Asia,https://www.topuniversities.com/sites/default/files/tokyo-metropolitan-university_592560cf2aeae70239af4ce9_small.jpg
2017,471-480,University of Saskatchewan,,https://www.topuniversities.com/universities/university-saskatchewan,Canada,Saskatoon,North America,https://www.topuniversities.com/sites/default/files/university-of-saskatchewan_1755_small.jpg
2017,481-490,Pontificia Universidad Católica del Perú,,https://www.topuniversities.com/universities/pontificia-universidad-catolica-del-peru,Peru,Lima,Latin America,https://www.topuniversities.com/sites/default/files/pontificia-universidad-catlica-del-per_592560cf2aeae70239af4af0_small.jpg
2017,481-490,"University of Rome ""Tor Vergata""",,https://www.topuniversities.com/universities/university-rome-tor-vergata,Italy,Rome,Europe,https://www.topuniversities.com/sites/default/files/university-of-rome-tor-vergata_592560cf2aeae70239af4c99_small.jpg
2017,481-490,University of Naples - Federico II,,https://www.topuniversities.com/universities/university-naples-federico-ii,Italy,Naples,Europe,https://www.topuniversities.com/sites/default/files/university-of-naples-federico-ii_432_small.jpg
2017,481-490,Hitotsubashi University,,https://www.topuniversities.com/universities/hitotsubashi-university,Japan,Kunitachi City,Asia,https://www.topuniversities.com/sites/default/files/hitotsubashi-university-business-school-school-of-international-corporate-strategy_592560cf2aeae70239af4b8d_small.jpg
2017,481-490,Dalian University of Technology,,https://www.topuniversities.com/universities/dalian-university-technology,China (Mainland),Dalian,Asia,https://www.topuniversities.com/sites/default/files/dalian-university-of-technology_874_small.jpg
2017,481-490,Indian Institute of Technology Guwahati (IITG),,https://www.topuniversities.com/universities/indian-institute-technology-guwahati-iitg,India,Guwahati,Asia,https://www.topuniversities.com/sites/default/files/indian-institute-of-technology-guwahati-iitg_283_small.jpg
2017,481-490,Lehigh University,,https://www.topuniversities.com/universities/lehigh-university,United States,Bethlehem,North America,https://www.topuniversities.com/sites/default/files/lehigh-university_810_small.jpg
2017,481-490,Tianjin University,,https://www.topuniversities.com/universities/tianjin-university,China (Mainland),Nankai,Asia,https://www.topuniversities.com/sites/default/files/tianjin-university_609_small.jpg
2017,481-490,Universidad de Zaragoza,,https://www.topuniversities.com/universities/universidad-de-zaragoza,Spain,Huesca,Europe,https://www.topuniversities.com/sites/default/files/universidad-de-zaragoza_691_small.jpg
2017,481-490,Vilnius University ,,https://www.topuniversities.com/universities/vilnius-university,Lithuania,Vilnius,Europe,https://www.topuniversities.com/sites/default/files/vilnius-university-_592560cf2aeae70239af4d7f_small.jpg
2017,491-500,Aristotle University of Thessaloniki,,https://www.topuniversities.com/universities/aristotle-university-thessaloniki,Greece,Thessaloniki,Europe,https://www.topuniversities.com/sites/default/files/aristotle-university-of-thessaloniki_24_small.jpg
2017,491-500,Università Cattolica del Sacro Cuore,,https://www.topuniversities.com/universities/universita-cattolica-del-sacro-cuore,Italy,Milan,Europe,https://www.topuniversities.com/sites/default/files/universitcattolica-del-sacro-cuore_406_small.jpg
2017,491-500,Aberystwyth University,,https://www.topuniversities.com/universities/aberystwyth-university,United Kingdom,Aberystwyth,Europe,https://www.topuniversities.com/sites/default/files/aberystwyth-university_8_small.jpg
2017,491-500,Iran University of Science and Technology,,https://www.topuniversities.com/universities/iran-university-science-technology,"Iran, Islamic Republic of",Tehran,Asia,https://www.topuniversities.com/sites/default/files/iran-university-of-science-and-technology_592560cf2aeae70239af4e57_small.jpg
2017,491-500,Jilin University,,https://www.topuniversities.com/universities/jilin-university,China (Mainland),Changchun,Asia,https://www.topuniversities.com/sites/default/files/jilin-university_304_small.jpg
2017,491-500,The Catholic University of Korea ,,https://www.topuniversities.com/universities/catholic-university-korea,South Korea,Gyeonggi,Asia,https://www.topuniversities.com/sites/default/files/the-catholic-university-of-korea-_592560cf2aeae70239af4ed7_small.jpg
2017,491-500,Saint Joseph University of Beirut (USJ) ,,https://www.topuniversities.com/universities/saint-joseph-university-beirut-usj,Lebanon,Beirut,Asia,https://www.topuniversities.com/sites/default/files/saint-joseph-university-of-beirut-usj_1130_small.jpg
2017,491-500,University of Nebraska - Lincoln,,https://www.topuniversities.com/universities/university-nebraska-lincoln,United States,Lincoln,North America,https://www.topuniversities.com/sites/default/files/university-of-nebraska-lincoln_819_small.jpg
2017,491-500,University of South Florida,,https://www.topuniversities.com/universities/university-south-florida,United States,Tampa,North America,https://www.topuniversities.com/sites/default/files/university-of-south-florida_540_small.jpg
2017,491-500,Yokohama City University,,https://www.topuniversities.com/universities/yokohama-city-university,Japan,Yokohama City,Asia,https://www.topuniversities.com/sites/default/files/yokohama-city-university_592560cf2aeae70239af4d32_small.jpg
2017,501-550,Gadjah Mada University,,https://www.topuniversities.com/universities/gadjah-mada-university,Indonesia,Yogyakarta,Asia,https://www.topuniversities.com/sites/default/files/gadjah-mada-university_219_small.jpg
2017,501-550,University of Delhi,,https://www.topuniversities.com/universities/university-delhi,India,New Delhi,Asia,https://www.topuniversities.com/sites/default/files/university-of-delhi_156_small.jpg
2017,501-550,City University of New York,,https://www.topuniversities.com/universities/city-university-new-york,United States,New York City,North America,https://www.topuniversities.com/sites/default/files/city-university-of-new-york_149_small.jpg
2017,501-550,University of Bordeaux,,https://www.topuniversities.com/universities/university-bordeaux,France,Talence,Europe,https://www.topuniversities.com/sites/default/files/university-of-bordeaux_1286_small.jpg
2017,501-550,Pontifícia Universidade Católica do Rio de Janeiro,,https://www.topuniversities.com/universities/pontificia-universidade-catolica-do-rio-de-janeiro,Brazil,Rio de Janeiro,Latin America,https://www.topuniversities.com/sites/default/files/pontifcia-universidade-catlica-do-rio-de-janeiro_526_small.jpg
2017,501-550,University of Granada,,https://www.topuniversities.com/universities/university-granada,Spain,Granada,Europe,https://www.topuniversities.com/sites/default/files/university-of-granada_235_small.jpg
2017,501-550,Université du Québec,,https://www.topuniversities.com/universities/universite-du-quebec,Canada,Québec,North America,https://www.topuniversities.com/sites/default/files/universit-du-qubec_512_small.jpg
2017,501-550,Universität  Leipzig,,https://www.topuniversities.com/universities/universitat-leipzig,Germany,Leipzig,Europe,https://www.topuniversities.com/sites/default/files/universitt-leipzig_341_small.jpg
2017,501-550,Université Claude Bernard Lyon 1,,https://www.topuniversities.com/universities/universite-claude-bernard-lyon-1,France,Villeurbanne,Europe,https://www.topuniversities.com/sites/default/files/universit-claude-bernard-lyon-1_373_small.jpg
2017,501-550,Ateneo de Manila University,,https://www.topuniversities.com/universities/ateneo-de-manila-university,Philippines,Quezon City,Asia,https://www.topuniversities.com/sites/default/files/ateneo-de-manila-university_592560cf2aeae70239af4aa1_small.jpg
2017,501-550,UNESP,,https://www.topuniversities.com/universities/unesp,Brazil,SÃ£o Paulo,Latin America,https://www.topuniversities.com/sites/default/files/unesp_492_small.jpg
2017,501-550,Abo Akademi University,,https://www.topuniversities.com/universities/abo-akademi-university,Finland,Turku,Europe,https://www.topuniversities.com/sites/default/files/abo-akademi-university_592560cf2aeae70239af4f7a_small.jpg
2017,501-550,Amirkabir University of Technology,,https://www.topuniversities.com/universities/amirkabir-university-technology,"Iran, Islamic Republic of",Tehran,Asia,https://www.topuniversities.com/sites/default/files/amirkabir-university-of-technology_592560cf2aeae70239af4e54_small.jpg
2017,501-550,Jeonbuk National University,,https://www.topuniversities.com/universities/jeonbuk-national-university,South Korea,Jeonju,Asia,https://www.topuniversities.com/sites/default/files/jeonbuk-national-university_592560cf2aeae70239af4aff_small.jpg
2017,501-550,Czech Technical University in Prague,,https://www.topuniversities.com/universities/czech-technical-university-prague,Czech Republic,Prague,Europe,https://www.topuniversities.com/sites/default/files/czech-technical-university-in-prague_592560cf2aeae70239af4d3b_small.jpg
2017,501-550,Drexel University,,https://www.topuniversities.com/universities/drexel-university,United States,Philadelphia,North America,https://www.topuniversities.com/sites/default/files/drexel-university_163_small.jpg
2017,501-550,Instituto Tecnológico de Buenos Aires (ITBA),,https://www.topuniversities.com/universities/instituto-tecnologico-de-buenos-aires-itba,Argentina,Buenos Aires,Latin America,https://www.topuniversities.com/sites/default/files/instituto-tecnolgico-de-buenos-aires-itba_592560cf2aeae70239af4bae_small.jpg
2017,501-550,Abai Kazakh National Pedagogical University,,https://www.topuniversities.com/universities/abai-kazakh-national-pedagogical-university,Kazakhstan,Almaty,Asia,https://www.topuniversities.com/sites/default/files/abai-kazakh-national-pedagogical-university_592560cf2aeae70239af55d7_small.jpg
2017,501-550,Kazan (Volga region) Federal University,,https://www.topuniversities.com/universities/kazan-volga-region-federal-university,Russia,Kazan,Europe,https://www.topuniversities.com/sites/default/files/kazan-volga-region-federal-university_313_small.jpg
2017,501-550,King Khalid University,,https://www.topuniversities.com/universities/king-khalid-university,Saudi Arabia,Abha,Asia,https://www.topuniversities.com/sites/default/files/king-khalid-university_1174_small.jpg
2017,501-550,Kingston University|| London,,https://www.topuniversities.com/universities/kingston-university-london,United Kingdom,Kingston upon Thames,Europe,https://www.topuniversities.com/sites/default/files/kingston-university-london_592560cf2aeae70239af4bc2_small.jpg
2017,501-550,Martin-Luther-Universität Halle-Wittenberg,,https://www.topuniversities.com/universities/martin-luther-universitat-halle-wittenberg,Germany,Halle,Europe,https://www.topuniversities.com/sites/default/files/martin-luther-universitt-halle-wittenberg_245_small.jpg
2017,501-550,Michigan Technological University,,https://www.topuniversities.com/universities/michigan-technological-university,United States,Houghton,North America,https://www.topuniversities.com/sites/default/files/michigan-technological-university_1810_small.jpg
2017,501-550,Missouri University of Science and Technology,,https://www.topuniversities.com/universities/missouri-university-science-technology,United States,Rolla,North America,https://www.topuniversities.com/sites/default/files/missouri-university-of-science-and-technology_592560cf2aeae70239af51e4_small.jpg
2017,501-550,Murdoch University,,https://www.topuniversities.com/universities/murdoch-university,Australia,Murdoch,Oceania,https://www.topuniversities.com/sites/default/files/murdoch-university_592560cf2aeae70239af4dc5_small.jpg
2017,501-550,Nagasaki University,,https://www.topuniversities.com/universities/nagasaki-university,Japan,Nagasaki City,Asia,https://www.topuniversities.com/sites/default/files/nagasaki-university_592560cf2aeae70239af4c2d_small.jpg
2017,501-550,National Chung Hsing University,,https://www.topuniversities.com/universities/national-chung-hsing-university,Taiwan,Taichung City,Asia,https://www.topuniversities.com/sites/default/files/national-chung-hsing-university_438_small.jpg
2017,501-550,National University of Sciences And Technology (NUST) Islamabad,,https://www.topuniversities.com/universities/national-university-sciences-technology-nust-islamabad,Pakistan,Islamabad,Asia,https://www.topuniversities.com/sites/default/files/national-university-of-sciences-and-technology-nust-islamabad_698_small.jpg
2017,501-550,Okayama University,,https://www.topuniversities.com/universities/okayama-university,Japan,Okayama City,Asia,https://www.topuniversities.com/sites/default/files/okayama-university_592560cf2aeae70239af4c55_small.jpg
2017,501-550,Pontifícia Universidade Católica de São Paulo,,https://www.topuniversities.com/universities/pontificia-universidade-catolica-de-sao-paulo,Brazil,São Paulo,Latin America,https://www.topuniversities.com/sites/default/files/pontifcia-universidade-catlica-de-so-paulo_592560cf2aeae70239af549d_small.jpg
2017,501-550,Sejong University ,,https://www.topuniversities.com/universities/sejong-university,South Korea,Seoul,Asia,https://www.topuniversities.com/sites/default/files/sejong-university_1094_small.jpg
2017,501-550,Shandong University,,https://www.topuniversities.com/universities/shandong-university,China (Mainland),Jinan,Asia,https://www.topuniversities.com/sites/default/files/shandong-university_555_small.jpg
2017,501-550,Southeast University,,https://www.topuniversities.com/universities/southeast-university,China (Mainland),Nanjing,Asia,https://www.topuniversities.com/sites/default/files/southeast-university_568_small.jpg
2017,501-550,Tulane University,,https://www.topuniversities.com/universities/tulane-university,United States,New Orleans,North America,https://www.topuniversities.com/sites/default/files/tulane-university_631_small.jpg
2017,501-550,Umm Al-Qura University ,,https://www.topuniversities.com/universities/umm-al-qura-university,Saudi Arabia,Makkah,Asia,https://www.topuniversities.com/sites/default/files/umm-al-qura-university-_592560cf2aeae70239af4d44_small.jpg
2017,501-550,Universidad de San Andrés - UdeSA,,https://www.topuniversities.com/universities/universidad-de-san-andres-udesa,Argentina,Buenos Aires,Latin America,https://www.topuniversities.com/sites/default/files/universidad-de-san-andrs-udesa_1699_small.jpg
2017,501-550,Universidade Federal de São Paulo,,https://www.topuniversities.com/universities/universidade-federal-de-sao-paulo,Brazil,São Paulo,Latin America,https://www.topuniversities.com/sites/default/files/universidade-federal-de-so-paulo_2750_small.jpg
2017,501-550,University of Bayreuth,,https://www.topuniversities.com/universities/university-bayreuth,Germany,Bayreuth,Europe,https://www.topuniversities.com/sites/default/files/university-of-bayreuth_592560cf2aeae70239af4ab4_small.jpg
2017,501-550,Universität des Saarlandes,,https://www.topuniversities.com/universities/universitat-des-saarlandes,Germany,Saarbrücken,Europe,https://www.topuniversities.com/sites/default/files/universitt-des-saarlandes_541_small.jpg
2017,501-550,Universität Regensburg,,https://www.topuniversities.com/universities/universitat-regensburg,Germany,Regensburg,Europe,https://www.topuniversities.com/sites/default/files/universitt-regensburg_592560cf2aeae70239af4c89_small.jpg
2017,501-550,University of Guelph,,https://www.topuniversities.com/universities/university-guelph,Canada,Guelph,North America,https://www.topuniversities.com/sites/default/files/university-of-guelph_1756_small.jpg
2017,501-550,University of Kentucky,,https://www.topuniversities.com/universities/university-kentucky,United States,Lexington,North America,https://www.topuniversities.com/sites/default/files/university-of-kentucky_316_small.jpg
2017,501-550,University of Limerick,,https://www.topuniversities.com/universities/university-limerick,Ireland,Limerick,Europe,https://www.topuniversities.com/sites/default/files/university-of-limerick_592560cf2aeae70239af4be0_small.jpg
2017,501-550,University of Macau,,https://www.topuniversities.com/universities/university-macau,Macau SAR,,Asia,https://www.topuniversities.com/sites/default/files/university-of-macau_14378_small.jpg
2017,501-550,University of Manitoba,,https://www.topuniversities.com/universities/university-manitoba,Canada,Winnipeg,North America,https://www.topuniversities.com/sites/default/files/university-of-manitoba_592560cf2aeae70239af4c0a_small.jpg
2017,501-550,University of Mons ,,https://www.topuniversities.com/universities/university-mons,Belgium,Mons,Europe,https://www.topuniversities.com/sites/default/files/university-of-mons-_592560cf2aeae70239af4f68_small.jpg
2017,501-550,University of Szeged,,https://www.topuniversities.com/universities/university-szeged,Hungary,Szeged,Europe,https://www.topuniversities.com/sites/default/files/university-of-szeged_592560cf2aeae70239af4cd1_small.jpg
2017,501-550,University of Tampere,,https://www.topuniversities.com/universities/university-tampere,Finland,Tampere,Europe,https://www.topuniversities.com/sites/default/files/university-of-tampere_592_small.jpg
2017,551-600,Universidad Nacional de La Plata (UNLP),,https://www.topuniversities.com/universities/universidad-nacional-de-la-plata-unlp,Argentina,La Plata,Latin America,https://www.topuniversities.com/sites/default/files/universidad-nacional-de-la-plata-unlp_1690_small.jpg
2017,551-600,Chiang Mai University,,https://www.topuniversities.com/universities/chiang-mai-university,Thailand,Chiang Mai,Asia,https://www.topuniversities.com/sites/default/files/chiang-mai-university_118_small.jpg
2017,551-600,Universidade Federal de Minas Gerais      ,,https://www.topuniversities.com/universities/universidade-federal-de-minas-gerais,Brazil,Belo Horizonte,Latin America,https://www.topuniversities.com/sites/default/files/universidade-federal-de-minas-gerais_1727_small.jpg
2017,551-600,Cairo University,,https://www.topuniversities.com/universities/cairo-university,Egypt,Giza,Africa,https://www.topuniversities.com/sites/default/files/cairo-university_80_small.jpg
2017,551-600,Universitat de Valencia,,https://www.topuniversities.com/universities/universitat-de-valencia,Spain,València,Europe,https://www.topuniversities.com/sites/default/files/universitat-de-valencia_647_small.jpg
2017,551-600,University of Pretoria,,https://www.topuniversities.com/universities/university-pretoria,South Africa,Pretoria,Africa,https://www.topuniversities.com/sites/default/files/university-of-pretoria_506_small.jpg
2017,551-600,University of Turin,,https://www.topuniversities.com/universities/university-turin,Italy,Turin,Europe,https://www.topuniversities.com/sites/default/files/university-of-turin_632_small.jpg
2017,551-600,Universidade de Santiago de Compostela,,https://www.topuniversities.com/universities/universidade-de-santiago-de-compostela,Spain,Santiago de Compostela,Europe,https://www.topuniversities.com/sites/default/files/universidade-de-santiago-de-compostela_547_small.jpg
